model,task,F1_pos,PR_AUC,pred_pos_rate,true_pos_rate
multi_task_2,Q_overall,0.46873830026207414,0.36556883730241674,0.4779212976869931,0.3244217482727546
multi_task_2,Q2_harmful,0.4255639097744361,0.3447166225195754,0.22258936617602884,0.17693000901171524
multi_task_4,Q_overall,0.46105919003115264,0.36959624953764975,0.4469810753980174,0.3244217482727546
multi_task_4,Q2_harmful,0.4143258426966292,0.4217817739282934,0.25082607389606487,0.17693000901171524
