model,n_examples,task,true_unsafe_count,pred_unsafe_count,true_unsafe_pct,pred_unsafe_pct,accuracy,precision,recall,f1_score,mean_prob,std_prob,min_prob,max_prob,high_conf_count,med_conf_count,low_conf_count,high_conf_pct,low_conf_pct,mean_conv_delta,median_conv_delta,max_conv_delta,good_conv_count,acceptable_conv_count,good_conv_pct,special_token_count,special_token_pct
2-Task Multi-Task,30,Q2_harmful,7,5,23.333333333333332,16.666666666666664,0.7333333333333333,0.4,0.2857142857142857,0.3333333333333333,0.3570260047912598,0.18648074218493074,0.0450695529580116,0.8551264405250549,2,3,25,6.666666666666667,83.33333333333334,0.2797706744323174,0.12573364377021784,3.395009994506836,8,10,26.666666666666668,0,0.0
4-Task Multi-Task,30,Q2_harmful,7,8,23.333333333333332,26.666666666666668,0.6333333333333333,0.25,0.2857142857142857,0.26666666666666666,0.3652973228444656,0.22879554149861067,0.0215342938899993,0.9074950814247132,2,6,22,6.666666666666667,73.33333333333333,0.20092519621054328,0.13135871291160578,0.7031220197677612,8,12,26.666666666666668,0,0.0
Single-Task,30,Q_overall,11,4,36.666666666666664,13.333333333333334,0.7,0.75,0.2727272727272727,0.39999999999999997,0.3251809964577357,0.13431905450636988,0.1561974138021469,0.6054141521453857,0,4,26,0.0,86.66666666666667,0.1987720747788747,0.16610425710678095,0.5924418568611145,4,10,13.333333333333334,0,0.0
