model,task,F1_pos,PR_AUC,positive_rate
logreg,Q_overall,0.42214532871972316,0.41384687139306336,0.35064935064935066
single_task,Q_overall,0.5433324531291259,0.6603985736224899,0.3411775232641374
multi_task_2,Q_overall,0.46873830026207414,0.36556883730241674,0.3244217482727546
multi_task_4,Q_overall,0.46105919003115264,0.36959624953764975,0.3244217482727546
