model,task,confidence_level,n_examples,mean_top_k_mass,std_top_k_mass,mean_entropy,std_entropy,mean_n_tokens,mean_pred_prob
multi_task,Q_overall,borderline,15,0.302980653552738,5.745950043620392e-17,4.518250310647212,9.193520069792627e-16,152.0,0.501043438911438
multi_task,Q_overall,high,15,0.37841920674805596,1.1491900087240784e-16,4.054409535402309,9.193520069792627e-16,93.0,0.9925981760025024
